StartPoint,EndPoint,Distance,net_length
49,50,9.99999999985,509.99999999994003
50,51,10.0000000022,0.0
51,52,9.99999999837,0.0
52,53,9.99999999933,0.0
53,54,9.99999999962,0.0
54,55,10.0000000009,0.0
55,56,9.99999999962,0.0
56,57,10.0000000009,0.0
57,58,9.99999999985,0.0
58,59,9.99999999985,0.0
59,60,9.99999999985,0.0
60,61,10.0000000001,0.0
61,62,10.0000000002,0.0
62,63,10.0000000005,0.0
63,64,9.99999999911,0.0
64,65,10.0000000006,0.0
65,66,9.99999999962,0.0
66,67,9.99999999985,0.0
67,68,10.0000000001,0.0
68,69,10.0000000002,0.0
69,70,9.99999999922,0.0
70,71,10.0000000008,0.0
71,72,9.99999999996,0.0
72,73,9.99999999996,0.0
73,74,10.0000000006,0.0
74,75,10.0000000009,0.0
75,76,9.9999999986,0.0
76,77,10.0000000001,0.0
77,78,9.99999999933,0.0
78,79,10.000000001,0.0
79,80,9.99999999877,0.0
80,81,10.0000000006,0.0
81,82,9.99999999985,0.0
82,83,10.0000000004,0.0
83,84,10.0000000004,0.0
84,85,9.99999999951,0.0
85,86,10.0000000004,0.0
86,87,9.9999999999,0.0
87,88,9.99999999939,0.0
88,89,10.0000000002,0.0
89,90,9.9999999999,0.0
90,91,10.0000000009,0.0
91,92,10.0000000004,0.0
92,93,9.99999999736,0.0
93,94,10.0000000024,0.0
94,95,9.99999999928,0.0
95,96,10.0000000005,0.0
96,97,10.0,0.0
97,98,9.9999999999,0.0
98,99,9.99999999951,0.0
99,100,9.99999999928,0.0
49,50,9.99999999985,0.0
49,51,20.00000000205,0.0
49,52,30.000000000420002,0.0
49,53,39.99999999975,0.0
49,54,49.999999999370004,0.0
49,55,60.000000000270006,0.0
49,56,69.99999999989001,0.0
49,57,80.00000000079001,0.0
49,58,90.00000000064001,0.0
49,59,100.00000000049002,0.0
49,60,110.00000000034002,0.0
49,61,120.00000000044002,0.0
49,62,130.00000000064003,0.0
49,63,140.00000000114002,0.0
49,64,150.00000000025003,0.0
49,65,160.00000000085004,0.0
49,66,170.00000000047004,0.0
49,67,180.00000000032003,0.0
49,68,190.00000000042002,0.0
49,69,200.00000000062002,0.0
49,70,209.99999999984,0.0
49,71,220.00000000064,0.0
49,72,230.0000000006,0.0
49,73,240.00000000056002,0.0
49,74,250.00000000116003,0.0
49,75,260.00000000206,0.0
49,76,270.00000000066,0.0
49,77,280.00000000076,0.0
49,78,290.00000000009,0.0
49,79,300.00000000109,0.0
49,80,309.99999999986,0.0
49,81,320.00000000046,0.0
49,82,330.00000000030997,0.0
49,83,340.00000000071,0.0
49,84,350.00000000111,0.0
49,85,360.00000000062,0.0
49,86,370.00000000102,0.0
49,87,380.00000000092,0.0
49,88,390.00000000031,0.0
49,89,400.00000000051,0.0
49,90,410.00000000041,0.0
49,91,420.00000000131,0.0
49,92,430.00000000171,0.0
49,93,439.99999999907004,0.0
49,94,450.00000000147,0.0
49,95,460.00000000075005,0.0
49,96,470.00000000125004,0.0
49,97,480.00000000125004,0.0
49,98,490.00000000115006,0.0
49,99,500.00000000066007,0.0
49,100,509.9999999999401,0.0
50,51,10.0000000022,0.0
50,52,20.00000000057,0.0
50,53,29.9999999999,0.0
50,54,39.99999999952,0.0
50,55,50.00000000042,0.0
50,56,60.000000000040004,0.0
50,57,70.00000000094,0.0
50,58,80.00000000079001,0.0
50,59,90.00000000064001,0.0
50,60,100.00000000049002,0.0
50,61,110.00000000059002,0.0
50,62,120.00000000079002,0.0
50,63,130.00000000129003,0.0
50,64,140.00000000040004,0.0
50,65,150.00000000100005,0.0
50,66,160.00000000062005,0.0
50,67,170.00000000047004,0.0
50,68,180.00000000057003,0.0
50,69,190.00000000077003,0.0
50,70,199.99999999999002,0.0
50,71,210.00000000079,0.0
50,72,220.00000000075002,0.0
50,73,230.00000000071003,0.0
50,74,240.00000000131004,0.0
50,75,250.00000000221004,0.0
50,76,260.00000000081,0.0
50,77,270.00000000091,0.0
50,78,280.00000000024,0.0
50,79,290.00000000124,0.0
50,80,300.00000000001,0.0
50,81,310.00000000061,0.0
50,82,320.00000000046,0.0
50,83,330.00000000086,0.0
50,84,340.00000000126,0.0
50,85,350.00000000077,0.0
50,86,360.00000000117,0.0
50,87,370.00000000107,0.0
50,88,380.00000000046003,0.0
50,89,390.00000000066,0.0
50,90,400.00000000056,0.0
50,91,410.00000000146,0.0
50,92,420.00000000186003,0.0
50,93,429.99999999922005,0.0
50,94,440.00000000162004,0.0
50,95,450.00000000090006,0.0
50,96,460.00000000140005,0.0
50,97,470.00000000140005,0.0
50,98,480.00000000130007,0.0
50,99,490.0000000008101,0.0
50,100,500.0000000000901,0.0
51,50,10.0000000022,0.0
51,52,9.99999999837,0.0
51,53,19.9999999977,0.0
51,54,29.999999997320003,0.0
51,55,39.999999998220005,0.0
51,56,49.99999999784001,0.0
51,57,59.99999999874001,0.0
51,58,69.99999999859001,0.0
51,59,79.99999999844002,0.0
51,60,89.99999999829002,0.0
51,61,99.99999999839002,0.0
51,62,109.99999999859003,0.0
51,63,119.99999999909002,0.0
51,64,129.99999999820002,0.0
51,65,139.99999999880004,0.0
51,66,149.99999999842004,0.0
51,67,159.99999999827003,0.0
51,68,169.99999999837001,0.0
51,69,179.99999999857002,0.0
51,70,189.99999999779,0.0
51,71,199.99999999859,0.0
51,72,209.99999999855,0.0
51,73,219.99999999851002,0.0
51,74,229.99999999911003,0.0
51,75,240.00000000001003,0.0
51,76,249.99999999861004,0.0
51,77,259.99999999871005,0.0
51,78,269.99999999804004,0.0
51,79,279.99999999904,0.0
51,80,289.99999999781005,0.0
51,81,299.99999999841003,0.0
51,82,309.99999999826,0.0
51,83,319.99999999866003,0.0
51,84,329.99999999906004,0.0
51,85,339.99999999857005,0.0
51,86,349.99999999897005,0.0
51,87,359.99999999887007,0.0
51,88,369.9999999982601,0.0
51,89,379.99999999846005,0.0
51,90,389.99999999836007,0.0
51,91,399.99999999926007,0.0
51,92,409.9999999996601,0.0
51,93,419.9999999970201,0.0
51,94,429.9999999994201,0.0
51,95,439.9999999987001,0.0
51,96,449.9999999992001,0.0
51,97,459.9999999992001,0.0
51,98,469.9999999991001,0.0
51,99,479.9999999986101,0.0
51,100,489.99999999789014,0.0
52,50,20.00000000057,0.0
52,51,9.99999999837,0.0
52,53,9.99999999933,0.0
52,54,19.999999998950003,0.0
52,55,29.999999999850004,0.0
52,56,39.999999999470006,0.0
52,57,50.00000000037001,0.0
52,58,60.00000000022001,0.0
52,59,70.00000000007002,0.0
52,60,79.99999999992002,0.0
52,61,90.00000000002002,0.0
52,62,100.00000000022003,0.0
52,63,110.00000000072002,0.0
52,64,119.99999999983002,0.0
52,65,130.00000000043002,0.0
52,66,140.00000000005002,0.0
52,67,149.9999999999,0.0
52,68,160.0,0.0
52,69,170.0000000002,0.0
52,70,179.99999999942,0.0
52,71,190.00000000021998,0.0
52,72,200.00000000018,0.0
52,73,210.00000000014,0.0
52,74,220.00000000074002,0.0
52,75,230.00000000164002,0.0
52,76,240.00000000024002,0.0
52,77,250.00000000034,0.0
52,78,259.99999999967,0.0
52,79,270.00000000067,0.0
52,80,279.99999999944004,0.0
52,81,290.00000000004,0.0
52,82,299.99999999989,0.0
52,83,310.00000000029,0.0
52,84,320.00000000069,0.0
52,85,330.00000000020003,0.0
52,86,340.00000000060004,0.0
52,87,350.00000000050005,0.0
52,88,359.99999999989006,0.0
52,89,370.00000000009004,0.0
52,90,379.99999999999005,0.0
52,91,390.00000000089005,0.0
52,92,400.00000000129006,0.0
52,93,409.9999999986501,0.0
52,94,420.00000000105007,0.0
52,95,430.0000000003301,0.0
52,96,440.0000000008301,0.0
52,97,450.0000000008301,0.0
52,98,460.0000000007301,0.0
52,99,470.0000000002401,0.0
52,100,479.9999999995201,0.0
53,50,29.9999999999,0.0
53,51,19.9999999977,0.0
53,52,9.99999999933,0.0
53,54,9.99999999962,0.0
53,55,20.00000000052,0.0
53,56,30.00000000014,0.0
53,57,40.00000000104,0.0
53,58,50.00000000089,0.0
53,59,60.00000000074,0.0
53,60,70.00000000059,0.0
53,61,80.00000000069001,0.0
53,62,90.00000000089001,0.0
53,63,100.00000000139,0.0
53,64,110.00000000050001,0.0
53,65,120.0000000011,0.0
53,66,130.00000000072,0.0
53,67,140.00000000057,0.0
53,68,150.00000000066998,0.0
53,69,160.00000000087,0.0
53,70,170.00000000008998,0.0
53,71,180.00000000089,0.0
53,72,190.00000000085,0.0
53,73,200.00000000081002,0.0
53,74,210.00000000141003,0.0
53,75,220.00000000231003,0.0
53,76,230.00000000091003,0.0
53,77,240.00000000101002,0.0
53,78,250.00000000034004,0.0
53,79,260.00000000134,0.0
53,80,270.00000000011005,0.0
53,81,280.00000000071003,0.0
53,82,290.00000000056,0.0
53,83,300.00000000096003,0.0
53,84,310.00000000136004,0.0
53,85,320.00000000087005,0.0
53,86,330.00000000127005,0.0
53,87,340.00000000117006,0.0
53,88,350.0000000005601,0.0
53,89,360.00000000076005,0.0
53,90,370.00000000066007,0.0
53,91,380.00000000156007,0.0
53,92,390.0000000019601,0.0
53,93,399.9999999993201,0.0
53,94,410.0000000017201,0.0
53,95,420.0000000010001,0.0
53,96,430.0000000015001,0.0
53,97,440.0000000015001,0.0
53,98,450.0000000014001,0.0
53,99,460.0000000009101,0.0
53,100,470.00000000019014,0.0
54,50,39.99999999952,0.0
54,51,29.999999997320003,0.0
54,52,19.999999998950003,0.0
54,53,9.99999999962,0.0
54,55,10.0000000009,0.0
54,56,20.00000000052,0.0
54,57,30.00000000142,0.0
54,58,40.000000001269996,0.0
54,59,50.00000000112,0.0
54,60,60.000000000970005,0.0
54,61,70.00000000107,0.0
54,62,80.00000000127001,0.0
54,63,90.00000000177,0.0
54,64,100.00000000088001,0.0
54,65,110.00000000148,0.0
54,66,120.0000000011,0.0
54,67,130.00000000095,0.0
54,68,140.00000000104998,0.0
54,69,150.00000000125,0.0
54,70,160.00000000046998,0.0
54,71,170.00000000127,0.0
54,72,180.00000000123,0.0
54,73,190.00000000119002,0.0
54,74,200.00000000179003,0.0
54,75,210.00000000269003,0.0
54,76,220.00000000129003,0.0
54,77,230.00000000139002,0.0
54,78,240.00000000072004,0.0
54,79,250.00000000172003,0.0
54,80,260.00000000049005,0.0
54,81,270.00000000109003,0.0
54,82,280.00000000094,0.0
54,83,290.00000000134,0.0
54,84,300.00000000174003,0.0
54,85,310.00000000125004,0.0
54,86,320.00000000165005,0.0
54,87,330.00000000155006,0.0
54,88,340.0000000009401,0.0
54,89,350.00000000114005,0.0
54,90,360.00000000104006,0.0
54,91,370.00000000194007,0.0
54,92,380.0000000023401,0.0
54,93,389.9999999997001,0.0
54,94,400.0000000021001,0.0
54,95,410.0000000013801,0.0
54,96,420.0000000018801,0.0
54,97,430.0000000018801,0.0
54,98,440.0000000017801,0.0
54,99,450.0000000012901,0.0
54,100,460.00000000057014,0.0
55,50,50.00000000042,0.0
55,51,39.999999998220005,0.0
55,52,29.99999999985,0.0
55,53,20.00000000052,0.0
55,54,10.0000000009,0.0
55,56,9.99999999962,0.0
55,57,20.00000000052,0.0
55,58,30.00000000037,0.0
55,59,40.00000000022,0.0
55,60,50.00000000007,0.0
55,61,60.000000000170004,0.0
55,62,70.00000000037001,0.0
55,63,80.00000000087,0.0
55,64,89.99999999998,0.0
55,65,100.00000000058,0.0
55,66,110.0000000002,0.0
55,67,120.00000000005001,0.0
55,68,130.00000000015,0.0
55,69,140.00000000035,0.0
55,70,149.99999999957,0.0
55,71,160.00000000037,0.0
55,72,170.00000000033,0.0
55,73,180.00000000029002,0.0
55,74,190.00000000089003,0.0
55,75,200.00000000179003,0.0
55,76,210.00000000039003,0.0
55,77,220.00000000049002,0.0
55,78,229.99999999982003,0.0
55,79,240.00000000082002,0.0
55,80,249.99999999959002,0.0
55,81,260.00000000019,0.0
55,82,270.00000000004,0.0
55,83,280.00000000044,0.0
55,84,290.00000000084003,0.0
55,85,300.00000000035004,0.0
55,86,310.00000000075005,0.0
55,87,320.00000000065006,0.0
55,88,330.0000000000401,0.0
55,89,340.00000000024005,0.0
55,90,350.00000000014006,0.0
55,91,360.00000000104006,0.0
55,92,370.00000000144007,0.0
55,93,379.9999999988001,0.0
55,94,390.0000000012001,0.0
55,95,400.0000000004801,0.0
55,96,410.0000000009801,0.0
55,97,420.0000000009801,0.0
55,98,430.0000000008801,0.0
55,99,440.0000000003901,0.0
55,100,449.99999999967014,0.0
56,50,60.000000000040004,0.0
56,51,49.99999999784,0.0
56,52,39.99999999947,0.0
56,53,30.00000000014,0.0
56,54,20.00000000052,0.0
56,55,9.99999999962,0.0
56,57,10.0000000009,0.0
56,58,20.00000000075,0.0
56,59,30.0000000006,0.0
56,60,40.00000000045,0.0
56,61,50.00000000055,0.0
56,62,60.000000000750006,0.0
56,63,70.00000000125,0.0
56,64,80.00000000036,0.0
56,65,90.00000000096,0.0
56,66,100.00000000058,0.0
56,67,110.00000000043,0.0
56,68,120.00000000053001,0.0
56,69,130.00000000073,0.0
56,70,139.99999999995,0.0
56,71,150.00000000075,0.0
56,72,160.00000000071,0.0
56,73,170.00000000067,0.0
56,74,180.00000000127002,0.0
56,75,190.00000000217003,0.0
56,76,200.00000000077003,0.0
56,77,210.00000000087002,0.0
56,78,220.00000000020003,0.0
56,79,230.00000000120002,0.0
56,80,239.99999999997002,0.0
56,81,250.00000000057003,0.0
56,82,260.00000000042,0.0
56,83,270.00000000082,0.0
56,84,280.00000000122003,0.0
56,85,290.00000000073004,0.0
56,86,300.00000000113005,0.0
56,87,310.00000000103006,0.0
56,88,320.0000000004201,0.0
56,89,330.00000000062005,0.0
56,90,340.00000000052006,0.0
56,91,350.00000000142006,0.0
56,92,360.00000000182007,0.0
56,93,369.9999999991801,0.0
56,94,380.0000000015801,0.0
56,95,390.0000000008601,0.0
56,96,400.0000000013601,0.0
56,97,410.0000000013601,0.0
56,98,420.0000000012601,0.0
56,99,430.0000000007701,0.0
56,100,440.00000000005014,0.0
57,50,70.00000000094,0.0
57,51,59.99999999874,0.0
57,52,50.00000000037,0.0
57,53,40.00000000104,0.0
57,54,30.00000000142,0.0
57,55,20.00000000052,0.0
57,56,10.0000000009,0.0
57,58,9.99999999985,0.0
57,59,19.9999999997,0.0
57,60,29.999999999550003,0.0
57,61,39.99999999965,0.0
57,62,49.999999999850004,0.0
57,63,60.000000000350006,0.0
57,64,69.99999999946,0.0
57,65,80.00000000006,0.0
57,66,89.99999999968,0.0
57,67,99.99999999953,0.0
57,68,109.99999999963,0.0
57,69,119.99999999983001,0.0
57,70,129.99999999905,0.0
57,71,139.99999999985,0.0
57,72,149.99999999981,0.0
57,73,159.99999999977,0.0
57,74,170.00000000037002,0.0
57,75,180.00000000127002,0.0
57,76,189.99999999987003,0.0
57,77,199.99999999997002,0.0
57,78,209.99999999930003,0.0
57,79,220.00000000030002,0.0
57,80,229.99999999907,0.0
57,81,239.99999999967002,0.0
57,82,249.99999999952,0.0
57,83,259.99999999992,0.0
57,84,270.00000000032003,0.0
57,85,279.99999999983004,0.0
57,86,290.00000000023005,0.0
57,87,300.00000000013006,0.0
57,88,309.99999999952007,0.0
57,89,319.99999999972005,0.0
57,90,329.99999999962006,0.0
57,91,340.00000000052006,0.0
57,92,350.00000000092007,0.0
57,93,359.9999999982801,0.0
57,94,370.0000000006801,0.0
57,95,379.9999999999601,0.0
57,96,390.0000000004601,0.0
57,97,400.0000000004601,0.0
57,98,410.0000000003601,0.0
57,99,419.9999999998701,0.0
57,100,429.99999999915013,0.0
58,50,80.00000000079,0.0
58,51,69.99999999859,0.0
58,52,60.000000000220005,0.0
58,53,50.000000000890005,0.0
58,54,40.00000000127,0.0
58,55,30.00000000037,0.0
58,56,20.00000000075,0.0
58,57,9.99999999985,0.0
58,59,9.99999999985,0.0
58,60,19.9999999997,0.0
58,61,29.999999999800004,0.0
58,62,40.0,0.0
58,63,50.0000000005,0.0
58,64,59.999999999610004,0.0
58,65,70.00000000021001,0.0
58,66,79.99999999983001,0.0
58,67,89.99999999968001,0.0
58,68,99.99999999978002,0.0
58,69,109.99999999998002,0.0
58,70,119.99999999920001,0.0
58,71,130.0,0.0
58,72,139.99999999996,0.0
58,73,149.99999999992002,0.0
58,74,160.00000000052003,0.0
58,75,170.00000000142003,0.0
58,76,180.00000000002004,0.0
58,77,190.00000000012002,0.0
58,78,199.99999999945004,0.0
58,79,210.00000000045003,0.0
58,80,219.99999999922002,0.0
58,81,229.99999999982003,0.0
58,82,239.99999999967002,0.0
58,83,250.00000000007003,0.0
58,84,260.00000000047004,0.0
58,85,269.99999999998005,0.0
58,86,280.00000000038006,0.0
58,87,290.00000000028007,0.0
58,88,299.9999999996701,0.0
58,89,309.99999999987006,0.0
58,90,319.99999999977007,0.0
58,91,330.00000000067007,0.0
58,92,340.0000000010701,0.0
58,93,349.9999999984301,0.0
58,94,360.0000000008301,0.0
58,95,370.0000000001101,0.0
58,96,380.0000000006101,0.0
58,97,390.0000000006101,0.0
58,98,400.0000000005101,0.0
58,99,410.0000000000201,0.0
58,100,419.99999999930014,0.0
59,50,90.00000000064,0.0
59,51,79.99999999844,0.0
59,52,70.00000000007,0.0
59,53,60.00000000074001,0.0
59,54,50.00000000112001,0.0
59,55,40.000000000220005,0.0
59,56,30.000000000600004,0.0
59,57,19.9999999997,0.0
59,58,9.99999999985,0.0
59,60,9.99999999985,0.0
59,61,19.99999999995,0.0
59,62,30.00000000015,0.0
59,63,40.00000000065,0.0
59,64,49.99999999976,0.0
59,65,60.000000000360004,0.0
59,66,69.99999999998,0.0
59,67,79.99999999983001,0.0
59,68,89.99999999993001,0.0
59,69,100.00000000013002,0.0
59,70,109.99999999935001,0.0
59,71,120.00000000015001,0.0
59,72,130.00000000011002,0.0
59,73,140.00000000007003,0.0
59,74,150.00000000067004,0.0
59,75,160.00000000157004,0.0
59,76,170.00000000017005,0.0
59,77,180.00000000027003,0.0
59,78,189.99999999960005,0.0
59,79,200.00000000060004,0.0
59,80,209.99999999937003,0.0
59,81,219.99999999997004,0.0
59,82,229.99999999982003,0.0
59,83,240.00000000022004,0.0
59,84,250.00000000062005,0.0
59,85,260.00000000013006,0.0
59,86,270.00000000053006,0.0
59,87,280.0000000004301,0.0
59,88,289.9999999998201,0.0
59,89,300.00000000002007,0.0
59,90,309.9999999999201,0.0
59,91,320.0000000008201,0.0
59,92,330.0000000012201,0.0
59,93,339.9999999985801,0.0
59,94,350.0000000009801,0.0
59,95,360.0000000002601,0.0
59,96,370.0000000007601,0.0
59,97,380.0000000007601,0.0
59,98,390.0000000006601,0.0
59,99,400.00000000017013,0.0
59,100,409.99999999945015,0.0
60,50,100.00000000049,0.0
60,51,89.99999999829001,0.0
60,52,79.99999999992,0.0
60,53,70.00000000059,0.0
60,54,60.000000000970005,0.0
60,55,50.00000000007,0.0
60,56,40.00000000045,0.0
60,57,29.999999999550003,0.0
60,58,19.9999999997,0.0
60,59,9.99999999985,0.0
60,61,10.0000000001,0.0
60,62,20.0000000003,0.0
60,63,30.0000000008,0.0
60,64,39.99999999991,0.0
60,65,50.00000000051,0.0
60,66,60.00000000013,0.0
60,67,69.99999999998,0.0
60,68,80.00000000008001,0.0
60,69,90.00000000028001,0.0
60,70,99.9999999995,0.0
60,71,110.0000000003,0.0
60,72,120.00000000026,0.0
60,73,130.00000000022,0.0
60,74,140.00000000082002,0.0
60,75,150.00000000172003,0.0
60,76,160.00000000032003,0.0
60,77,170.00000000042002,0.0
60,78,179.99999999975,0.0
60,79,190.00000000075,0.0
60,80,199.99999999951999,0.0
60,81,210.00000000012,0.0
60,82,219.99999999997,0.0
60,83,230.00000000037,0.0
60,84,240.00000000077,0.0
60,85,250.00000000028,0.0
60,86,260.00000000068,0.0
60,87,270.00000000058003,0.0
60,88,279.99999999997004,0.0
60,89,290.00000000017,0.0
60,90,300.00000000007003,0.0
60,91,310.00000000097003,0.0
60,92,320.00000000137004,0.0
60,93,329.99999999873006,0.0
60,94,340.00000000113005,0.0
60,95,350.00000000041007,0.0
60,96,360.00000000091006,0.0
60,97,370.00000000091006,0.0
60,98,380.0000000008101,0.0
60,99,390.0000000003201,0.0
60,100,399.9999999996001,0.0
61,50,110.00000000059,0.0
61,51,99.99999999839001,0.0
61,52,90.00000000002001,0.0
61,53,80.00000000069001,0.0
61,54,70.00000000107,0.0
61,55,60.000000000170004,0.0
61,56,50.00000000055,0.0
61,57,39.99999999965,0.0
61,58,29.9999999998,0.0
61,59,19.99999999995,0.0
61,60,10.0000000001,0.0
61,62,10.0000000002,0.0
61,63,20.0000000007,0.0
61,64,29.99999999981,0.0
61,65,40.00000000041,0.0
61,66,50.00000000003,0.0
61,67,59.99999999988,0.0
61,68,69.99999999998,0.0
61,69,80.00000000018001,0.0
61,70,89.9999999994,0.0
61,71,100.0000000002,0.0
61,72,110.00000000016,0.0
61,73,120.00000000012,0.0
61,74,130.00000000072,0.0
61,75,140.00000000162,0.0
61,76,150.00000000022,0.0
61,77,160.00000000032,0.0
61,78,169.99999999965002,0.0
61,79,180.00000000065,0.0
61,80,189.99999999942,0.0
61,81,200.00000000002,0.0
61,82,209.99999999987,0.0
61,83,220.00000000027,0.0
61,84,230.00000000067,0.0
61,85,240.00000000018002,0.0
61,86,250.00000000058003,0.0
61,87,260.00000000048004,0.0
61,88,269.99999999987006,0.0
61,89,280.00000000007003,0.0
61,90,289.99999999997004,0.0
61,91,300.00000000087005,0.0
61,92,310.00000000127005,0.0
61,93,319.9999999986301,0.0
61,94,330.00000000103006,0.0
61,95,340.0000000003101,0.0
61,96,350.0000000008101,0.0
61,97,360.0000000008101,0.0
61,98,370.0000000007101,0.0
61,99,380.0000000002201,0.0
61,100,389.9999999995001,0.0
62,50,120.00000000079001,0.0
62,51,109.99999999859001,0.0
62,52,100.00000000022001,0.0
62,53,90.00000000089001,0.0
62,54,80.00000000127001,0.0
62,55,70.00000000037001,0.0
62,56,60.000000000750006,0.0
62,57,49.999999999850004,0.0
62,58,40.0,0.0
62,59,30.00000000015,0.0
62,60,20.0000000003,0.0
62,61,10.0000000002,0.0
62,63,10.0000000005,0.0
62,64,19.99999999961,0.0
62,65,30.00000000021,0.0
62,66,39.99999999983,0.0
62,67,49.99999999968,0.0
62,68,59.99999999978,0.0
62,69,69.99999999998,0.0
62,70,79.9999999992,0.0
62,71,90.0,0.0
62,72,99.99999999996,0.0
62,73,109.99999999991999,0.0
62,74,120.00000000051999,0.0
62,75,130.00000000141998,0.0
62,76,140.00000000001998,0.0
62,77,150.00000000011997,0.0
62,78,159.99999999944998,0.0
62,79,170.00000000044997,0.0
62,80,179.99999999921997,0.0
62,81,189.99999999981998,0.0
62,82,199.99999999966997,0.0
62,83,210.00000000006997,0.0
62,84,220.00000000046998,0.0
62,85,229.99999999998,0.0
62,86,240.00000000038,0.0
62,87,250.00000000028,0.0
62,88,259.99999999967,0.0
62,89,269.99999999987,0.0
62,90,279.99999999977,0.0
62,91,290.00000000067,0.0
62,92,300.00000000107,0.0
62,93,309.99999999843004,0.0
62,94,320.00000000083,0.0
62,95,330.00000000011005,0.0
62,96,340.00000000061004,0.0
62,97,350.00000000061004,0.0
62,98,360.00000000051006,0.0
62,99,370.00000000002007,0.0
62,100,379.9999999993001,0.0
63,50,130.00000000129003,0.0
63,51,119.99999999909002,0.0
63,52,110.00000000072002,0.0
63,53,100.00000000139002,0.0
63,54,90.00000000177002,0.0
63,55,80.00000000087002,0.0
63,56,70.00000000125002,0.0
63,57,60.00000000035001,0.0
63,58,50.00000000050001,0.0
63,59,40.000000000650004,0.0
63,60,30.0000000008,0.0
63,61,20.0000000007,0.0
63,62,10.0000000005,0.0
63,64,9.99999999911,0.0
63,65,19.99999999971,0.0
63,66,29.99999999933,0.0
63,67,39.999999999180005,0.0
63,68,49.99999999928001,0.0
63,69,59.99999999948001,0.0
63,70,69.9999999987,0.0
63,71,79.9999999995,0.0
63,72,89.99999999946,0.0
63,73,99.99999999942,0.0
63,74,110.00000000002,0.0
63,75,120.00000000092,0.0
63,76,129.99999999951999,0.0
63,77,139.99999999961997,0.0
63,78,149.99999999895,0.0
63,79,159.99999999994998,0.0
63,80,169.99999999871997,0.0
63,81,179.99999999931998,0.0
63,82,189.99999999916997,0.0
63,83,199.99999999956998,0.0
63,84,209.99999999997,0.0
63,85,219.99999999948,0.0
63,86,229.99999999988,0.0
63,87,239.99999999978002,0.0
63,88,249.99999999917003,0.0
63,89,259.99999999937,0.0
63,90,269.99999999927,0.0
63,91,280.00000000017,0.0
63,92,290.00000000057,0.0
63,93,299.99999999793005,0.0
63,94,310.00000000033003,0.0
63,95,319.99999999961005,0.0
63,96,330.00000000011005,0.0
63,97,340.00000000011005,0.0
63,98,350.00000000001006,0.0
63,99,359.99999999952007,0.0
63,100,369.9999999988001,0.0
64,50,140.00000000040004,0.0
64,51,129.99999999820002,0.0
64,52,119.99999999983002,0.0
64,53,110.00000000050002,0.0
64,54,100.00000000088002,0.0
64,55,89.99999999998002,0.0
64,56,80.00000000036002,0.0
64,57,69.99999999946002,0.0
64,58,59.99999999961001,0.0
64,59,49.99999999976001,0.0
64,60,39.99999999991,0.0
64,61,29.99999999981,0.0
64,62,19.99999999961,0.0
64,63,9.99999999911,0.0
64,65,10.0000000006,0.0
64,66,20.00000000022,0.0
64,67,30.00000000007,0.0
64,68,40.00000000017,0.0
64,69,50.000000000369994,0.0
64,70,59.999999999589996,0.0
64,71,70.00000000039,0.0
64,72,80.00000000035,0.0
64,73,90.00000000031,0.0
64,74,100.00000000090999,0.0
64,75,110.00000000181,0.0
64,76,120.00000000041,0.0
64,77,130.00000000051,0.0
64,78,139.99999999983999,0.0
64,79,150.00000000083998,0.0
64,80,159.99999999960997,0.0
64,81,170.00000000020998,0.0
64,82,180.00000000005997,0.0
64,83,190.00000000045998,0.0
64,84,200.00000000085998,0.0
64,85,210.00000000037,0.0
64,86,220.00000000077,0.0
64,87,230.00000000067,0.0
64,88,240.00000000006003,0.0
64,89,250.00000000026003,0.0
64,90,260.00000000016,0.0
64,91,270.00000000106,0.0
64,92,280.00000000146,0.0
64,93,289.99999999882004,0.0
64,94,300.00000000122003,0.0
64,95,310.00000000050005,0.0
64,96,320.00000000100005,0.0
64,97,330.00000000100005,0.0
64,98,340.00000000090006,0.0
64,99,350.00000000041007,0.0
64,100,359.9999999996901,0.0
65,50,150.00000000100005,0.0
65,51,139.99999999880004,0.0
65,52,130.00000000043002,0.0
65,53,120.00000000110002,0.0
65,54,110.00000000148002,0.0
65,55,100.00000000058002,0.0
65,56,90.00000000096001,0.0
65,57,80.00000000006001,0.0
65,58,70.00000000021001,0.0
65,59,60.000000000360004,0.0
65,60,50.00000000051,0.0
65,61,40.00000000041,0.0
65,62,30.00000000021,0.0
65,63,19.99999999971,0.0
65,64,10.0000000006,0.0
65,66,9.99999999962,0.0
65,67,19.99999999947,0.0
65,68,29.99999999957,0.0
65,69,39.99999999977,0.0
65,70,49.99999999899,0.0
65,71,59.99999999979,0.0
65,72,69.99999999975,0.0
65,73,79.99999999971,0.0
65,74,90.00000000031,0.0
65,75,100.00000000121,0.0
65,76,109.99999999981,0.0
65,77,119.99999999991,0.0
65,78,129.99999999924,0.0
65,79,140.00000000024,0.0
65,80,149.99999999901,0.0
65,81,159.99999999961,0.0
65,82,169.99999999946,0.0
65,83,179.99999999986,0.0
65,84,190.00000000026,0.0
65,85,199.99999999977,0.0
65,86,210.00000000017002,0.0
65,87,220.00000000007003,0.0
65,88,229.99999999946004,0.0
65,89,239.99999999966005,0.0
65,90,249.99999999956006,0.0
65,91,260.00000000046003,0.0
65,92,270.00000000086004,0.0
65,93,279.99999999822006,0.0
65,94,290.00000000062005,0.0
65,95,299.99999999990007,0.0
65,96,310.00000000040006,0.0
65,97,320.00000000040006,0.0
65,98,330.0000000003001,0.0
65,99,339.9999999998101,0.0
65,100,349.9999999990901,0.0
66,50,160.00000000062005,0.0
66,51,149.99999999842004,0.0
66,52,140.00000000005002,0.0
66,53,130.00000000072,0.0
66,54,120.00000000110002,0.0
66,55,110.00000000020002,0.0
66,56,100.00000000058002,0.0
66,57,89.99999999968001,0.0
66,58,79.99999999983001,0.0
66,59,69.99999999998,0.0
66,60,60.00000000013,0.0
66,61,50.00000000003,0.0
66,62,39.99999999983,0.0
66,63,29.99999999933,0.0
66,64,20.00000000022,0.0
66,65,9.99999999962,0.0
66,67,9.99999999985,0.0
66,68,19.99999999995,0.0
66,69,30.00000000015,0.0
66,70,39.99999999937,0.0
66,71,50.00000000017,0.0
66,72,60.00000000013,0.0
66,73,70.00000000009,0.0
66,74,80.00000000069,0.0
66,75,90.00000000159,0.0
66,76,100.00000000019,0.0
66,77,110.00000000029,0.0
66,78,119.99999999962,0.0
66,79,130.00000000062,0.0
66,80,139.99999999938998,0.0
66,81,149.99999999999,0.0
66,82,159.99999999983999,0.0
66,83,170.00000000024,0.0
66,84,180.00000000064,0.0
66,85,190.00000000015,0.0
66,86,200.00000000055002,0.0
66,87,210.00000000045003,0.0
66,88,219.99999999984004,0.0
66,89,230.00000000004005,0.0
66,90,239.99999999994006,0.0
66,91,250.00000000084006,0.0
66,92,260.00000000124004,0.0
66,93,269.99999999860006,0.0
66,94,280.00000000100005,0.0
66,95,290.00000000028007,0.0
66,96,300.00000000078006,0.0
66,97,310.00000000078006,0.0
66,98,320.0000000006801,0.0
66,99,330.0000000001901,0.0
66,100,339.9999999994701,0.0
67,50,170.00000000047004,0.0
67,51,159.99999999827003,0.0
67,52,149.9999999999,0.0
67,53,140.00000000057003,0.0
67,54,130.00000000095002,0.0
67,55,120.00000000005002,0.0
67,56,110.00000000043002,0.0
67,57,99.99999999953002,0.0
67,58,89.99999999968001,0.0
67,59,79.99999999983001,0.0
67,60,69.99999999998,0.0
67,61,59.99999999988,0.0
67,62,49.99999999968,0.0
67,63,39.99999999918,0.0
67,64,30.00000000007,0.0
67,65,19.99999999947,0.0
67,66,9.99999999985,0.0
67,68,10.0000000001,0.0
67,69,20.0000000003,0.0
67,70,29.99999999952,0.0
67,71,40.00000000032,0.0
67,72,50.00000000028,0.0
67,73,60.00000000023999,0.0
67,74,70.00000000083999,0.0
67,75,80.00000000173999,0.0
67,76,90.00000000034,0.0
67,77,100.00000000044,0.0
67,78,109.99999999977,0.0
67,79,120.00000000077,0.0
67,80,129.99999999954,0.0
67,81,140.00000000014,0.0
67,82,149.99999999999,0.0
67,83,160.00000000039,0.0
67,84,170.00000000079,0.0
67,85,180.00000000030002,0.0
67,86,190.00000000070003,0.0
67,87,200.00000000060004,0.0
67,88,209.99999999999005,0.0
67,89,220.00000000019006,0.0
67,90,230.00000000009007,0.0
67,91,240.00000000099007,0.0
67,92,250.00000000139008,0.0
67,93,259.99999999875007,0.0
67,94,270.00000000115006,0.0
67,95,280.0000000004301,0.0
67,96,290.0000000009301,0.0
67,97,300.0000000009301,0.0
67,98,310.0000000008301,0.0
67,99,320.0000000003401,0.0
67,100,329.9999999996201,0.0
68,50,180.00000000057003,0.0
68,51,169.99999999837001,0.0
68,52,160.0,0.0
68,53,150.00000000067,0.0
68,54,140.00000000105,0.0
68,55,130.00000000015,0.0
68,56,120.00000000053002,0.0
68,57,109.99999999963002,0.0
68,58,99.99999999978002,0.0
68,59,89.99999999993001,0.0
68,60,80.00000000008001,0.0
68,61,69.99999999998,0.0
68,62,59.99999999978001,0.0
68,63,49.99999999928001,0.0
68,64,40.000000000170004,0.0
68,65,29.99999999957,0.0
68,66,19.99999999995,0.0
68,67,10.0000000001,0.0
68,69,10.0000000002,0.0
68,70,19.999999999419998,0.0
68,71,30.00000000022,0.0
68,72,40.000000000179995,0.0
68,73,50.00000000013999,0.0
68,74,60.00000000073999,0.0
68,75,70.00000000163999,0.0
68,76,80.00000000024,0.0
68,77,90.00000000034,0.0
68,78,99.99999999967,0.0
68,79,110.00000000067,0.0
68,80,119.99999999944,0.0
68,81,130.00000000004002,0.0
68,82,139.99999999989,0.0
68,83,150.00000000029002,0.0
68,84,160.00000000069002,0.0
68,85,170.00000000020003,0.0
68,86,180.00000000060004,0.0
68,87,190.00000000050005,0.0
68,88,199.99999999989006,0.0
68,89,210.00000000009007,0.0
68,90,219.99999999999008,0.0
68,91,230.00000000089008,0.0
68,92,240.0000000012901,0.0
68,93,249.99999999865008,0.0
68,94,260.00000000105007,0.0
68,95,270.0000000003301,0.0
68,96,280.0000000008301,0.0
68,97,290.0000000008301,0.0
68,98,300.0000000007301,0.0
68,99,310.0000000002401,0.0
68,100,319.9999999995201,0.0
69,50,190.00000000077006,0.0
69,51,179.99999999857005,0.0
69,52,170.00000000020003,0.0
69,53,160.00000000087002,0.0
69,54,150.00000000125002,0.0
69,55,140.00000000035,0.0
69,56,130.00000000073,0.0
69,57,119.99999999983001,0.0
69,58,109.99999999998,0.0
69,59,100.00000000013,0.0
69,60,90.00000000028,0.0
69,61,80.00000000018,0.0
69,62,69.99999999997999,0.0
69,63,59.999999999479996,0.0
69,64,50.000000000369994,0.0
69,65,39.99999999977,0.0
69,66,30.00000000015,0.0
69,67,20.0000000003,0.0
69,68,10.0000000002,0.0
69,70,9.99999999922,0.0
69,71,20.000000000020002,0.0
69,72,29.99999999998,0.0
69,73,39.99999999994,0.0
69,74,50.00000000054,0.0
69,75,60.00000000144,0.0
69,76,70.00000000004,0.0
69,77,80.00000000014,0.0
69,78,89.99999999947,0.0
69,79,100.00000000047001,0.0
69,80,109.99999999924,0.0
69,81,119.99999999984,0.0
69,82,129.99999999969,0.0
69,83,140.00000000009,0.0
69,84,150.00000000049002,0.0
69,85,160.00000000000003,0.0
69,86,170.00000000040004,0.0
69,87,180.00000000030005,0.0
69,88,189.99999999969006,0.0
69,89,199.99999999989006,0.0
69,90,209.99999999979008,0.0
69,91,220.00000000069008,0.0
69,92,230.0000000010901,0.0
69,93,239.99999999845008,0.0
69,94,250.0000000008501,0.0
69,95,260.0000000001301,0.0
69,96,270.0000000006301,0.0
69,97,280.0000000006301,0.0
69,98,290.0000000005301,0.0
69,99,300.00000000004013,0.0
69,100,309.99999999932015,0.0
70,50,199.99999999999005,0.0
70,51,189.99999999779004,0.0
70,52,179.99999999942003,0.0
70,53,170.00000000009,0.0
70,54,160.00000000047,0.0
70,55,149.99999999957,0.0
70,56,139.99999999995,0.0
70,57,129.99999999905,0.0
70,58,119.99999999920001,0.0
70,59,109.99999999935001,0.0
70,60,99.9999999995,0.0
70,61,89.9999999994,0.0
70,62,79.9999999992,0.0
70,63,69.9999999987,0.0
70,64,59.99999999959,0.0
70,65,49.999999998990006,0.0
70,66,39.999999999370004,0.0
70,67,29.99999999952,0.0
70,68,19.999999999419998,0.0
70,69,9.99999999922,0.0
70,71,10.0000000008,0.0
70,72,20.00000000076,0.0
70,73,30.00000000072,0.0
70,74,40.000000001320004,0.0
70,75,50.000000002220006,0.0
70,76,60.00000000082001,0.0
70,77,70.00000000092001,0.0
70,78,80.00000000025001,0.0
70,79,90.00000000125002,0.0
70,80,100.00000000002001,0.0
70,81,110.00000000062,0.0
70,82,120.00000000047001,0.0
70,83,130.00000000087002,0.0
70,84,140.00000000127002,0.0
70,85,150.00000000078003,0.0
70,86,160.00000000118004,0.0
70,87,170.00000000108005,0.0
70,88,180.00000000047007,0.0
70,89,190.00000000067007,0.0
70,90,200.00000000057008,0.0
70,91,210.00000000147008,0.0
70,92,220.0000000018701,0.0
70,93,229.99999999923008,0.0
70,94,240.0000000016301,0.0
70,95,250.0000000009101,0.0
70,96,260.0000000014101,0.0
70,97,270.0000000014101,0.0
70,98,280.0000000013101,0.0
70,99,290.00000000082014,0.0
70,100,300.00000000010016,0.0
71,50,210.00000000079,0.0
71,51,199.99999999859,0.0
71,52,190.00000000021998,0.0
71,53,180.00000000089,0.0
71,54,170.00000000127,0.0
71,55,160.00000000037,0.0
71,56,150.00000000075,0.0
71,57,139.99999999985,0.0
71,58,130.0,0.0
71,59,120.00000000015001,0.0
71,60,110.0000000003,0.0
71,61,100.0000000002,0.0
71,62,90.0,0.0
71,63,79.9999999995,0.0
71,64,70.00000000039,0.0
71,65,59.999999999790006,0.0
71,66,50.000000000170004,0.0
71,67,40.00000000032,0.0
71,68,30.000000000220002,0.0
71,69,20.000000000020002,0.0
71,70,10.0000000008,0.0
71,72,9.99999999996,0.0
71,73,19.99999999992,0.0
71,74,30.00000000052,0.0
71,75,40.00000000142,0.0
71,76,50.000000000019995,0.0
71,77,60.00000000012,0.0
71,78,69.99999999945,0.0
71,79,80.00000000045,0.0
71,80,89.99999999922,0.0
71,81,99.99999999981999,0.0
71,82,109.99999999967,0.0
71,83,120.00000000007,0.0
71,84,130.00000000047,0.0
71,85,139.99999999998002,0.0
71,86,150.00000000038003,0.0
71,87,160.00000000028004,0.0
71,88,169.99999999967005,0.0
71,89,179.99999999987006,0.0
71,90,189.99999999977007,0.0
71,91,200.00000000067007,0.0
71,92,210.00000000107008,0.0
71,93,219.99999999843007,0.0
71,94,230.00000000083008,0.0
71,95,240.00000000011008,0.0
71,96,250.00000000061007,0.0
71,97,260.00000000061004,0.0
71,98,270.00000000051006,0.0
71,99,280.00000000002007,0.0
71,100,289.9999999993001,0.0
72,50,220.00000000075,0.0
72,51,209.99999999854998,0.0
72,52,200.00000000017997,0.0
72,53,190.00000000084998,0.0
72,54,180.00000000122998,0.0
72,55,170.00000000032998,0.0
72,56,160.00000000070997,0.0
72,57,149.99999999980997,0.0
72,58,139.99999999995998,0.0
72,59,130.00000000011,0.0
72,60,120.00000000026,0.0
72,61,110.00000000016,0.0
72,62,99.99999999996,0.0
72,63,89.99999999946,0.0
72,64,80.00000000035,0.0
72,65,69.99999999975,0.0
72,66,60.00000000013,0.0
72,67,50.00000000028,0.0
72,68,40.000000000179995,0.0
72,69,29.999999999979998,0.0
72,70,20.00000000076,0.0
72,71,9.99999999996,0.0
72,73,9.99999999996,0.0
72,74,20.00000000056,0.0
72,75,30.000000001460002,0.0
72,76,40.00000000006,0.0
72,77,50.00000000016,0.0
72,78,59.99999999949,0.0
72,79,70.00000000049,0.0
72,80,79.99999999926001,0.0
72,81,89.99999999986001,0.0
72,82,99.99999999971001,0.0
72,83,110.00000000011002,0.0
72,84,120.00000000051003,0.0
72,85,130.00000000002004,0.0
72,86,140.00000000042004,0.0
72,87,150.00000000032006,0.0
72,88,159.99999999971007,0.0
72,89,169.99999999991007,0.0
72,90,179.9999999998101,0.0
72,91,190.0000000007101,0.0
72,92,200.0000000011101,0.0
72,93,209.9999999984701,0.0
72,94,220.0000000008701,0.0
72,95,230.0000000001501,0.0
72,96,240.0000000006501,0.0
72,97,250.0000000006501,0.0
72,98,260.0000000005501,0.0
72,99,270.0000000000601,0.0
72,100,279.9999999993401,0.0
73,50,230.00000000071003,0.0
73,51,219.99999999851002,0.0
73,52,210.00000000014,0.0
73,53,200.00000000081,0.0
73,54,190.00000000119,0.0
73,55,180.00000000029,0.0
73,56,170.00000000066998,0.0
73,57,159.99999999976998,0.0
73,58,149.99999999992,0.0
73,59,140.00000000007,0.0
73,60,130.00000000022,0.0
73,61,120.00000000012001,0.0
73,62,109.99999999992,0.0
73,63,99.99999999942001,0.0
73,64,90.00000000031001,0.0
73,65,79.99999999971001,0.0
73,66,70.00000000009001,0.0
73,67,60.00000000024001,0.0
73,68,50.000000000140005,0.0
73,69,39.99999999994,0.0
73,70,30.00000000072,0.0
73,71,19.99999999992,0.0
73,72,9.99999999996,0.0
73,74,10.0000000006,0.0
73,75,20.0000000015,0.0
73,76,30.0000000001,0.0
73,77,40.0000000002,0.0
73,78,49.99999999953,0.0
73,79,60.000000000529994,0.0
73,80,69.9999999993,0.0
73,81,79.9999999999,0.0
73,82,89.99999999975,0.0
73,83,100.00000000015001,0.0
73,84,110.00000000055002,0.0
73,85,120.00000000006001,0.0
73,86,130.00000000046,0.0
73,87,140.00000000036002,0.0
73,88,149.99999999975003,0.0
73,89,159.99999999995003,0.0
73,90,169.99999999985005,0.0
73,91,180.00000000075005,0.0
73,92,190.00000000115006,0.0
73,93,199.99999999851005,0.0
73,94,210.00000000091006,0.0
73,95,220.00000000019006,0.0
73,96,230.00000000069005,0.0
73,97,240.00000000069005,0.0
73,98,250.00000000059006,0.0
73,99,260.00000000010004,0.0
73,100,269.99999999938007,0.0
74,50,240.00000000131,0.0
74,51,229.99999999911,0.0
74,52,220.00000000074,0.0
74,53,210.00000000140997,0.0
74,54,200.00000000178997,0.0
74,55,190.00000000088997,0.0
74,56,180.00000000126997,0.0
74,57,170.00000000036997,0.0
74,58,160.00000000051998,0.0
74,59,150.00000000066998,0.0
74,60,140.00000000082,0.0
74,61,130.00000000072,0.0
74,62,120.00000000052,0.0
74,63,110.00000000002001,0.0
74,64,100.00000000091,0.0
74,65,90.00000000031001,0.0
74,66,80.00000000069001,0.0
74,67,70.00000000084,0.0
74,68,60.00000000074,0.0
74,69,50.000000000540005,0.0
74,70,40.000000001320004,0.0
74,71,30.00000000052,0.0
74,72,20.00000000056,0.0
74,73,10.0000000006,0.0
74,75,10.0000000009,0.0
74,76,19.999999999499998,0.0
74,77,29.9999999996,0.0
74,78,39.99999999893,0.0
74,79,49.99999999993,0.0
74,80,59.9999999987,0.0
74,81,69.9999999993,0.0
74,82,79.99999999915,0.0
74,83,89.99999999955,0.0
74,84,99.99999999995,0.0
74,85,109.99999999946,0.0
74,86,119.99999999986,0.0
74,87,129.99999999976,0.0
74,88,139.99999999915002,0.0
74,89,149.99999999935002,0.0
74,90,159.99999999925004,0.0
74,91,170.00000000015004,0.0
74,92,180.00000000055005,0.0
74,93,189.99999999791004,0.0
74,94,200.00000000031002,0.0
74,95,209.99999999959002,0.0
74,96,220.00000000009,0.0
74,97,230.00000000009,0.0
74,98,239.99999999999002,0.0
74,99,249.99999999950003,0.0
74,100,259.99999999878,0.0
75,50,250.00000000221002,0.0
75,51,240.00000000001,0.0
75,52,230.00000000164,0.0
75,53,220.00000000230997,0.0
75,54,210.00000000268997,0.0
75,55,200.00000000178997,0.0
75,56,190.00000000216997,0.0
75,57,180.00000000126997,0.0
75,58,170.00000000141998,0.0
75,59,160.00000000157,0.0
75,60,150.00000000172,0.0
75,61,140.00000000162,0.0
75,62,130.00000000142,0.0
75,63,120.00000000092001,0.0
75,64,110.00000000181001,0.0
75,65,100.00000000121001,0.0
75,66,90.00000000159001,0.0
75,67,80.00000000174,0.0
75,68,70.00000000164,0.0
75,69,60.00000000144,0.0
75,70,50.00000000222,0.0
75,71,40.00000000142,0.0
75,72,30.00000000146,0.0
75,73,20.0000000015,0.0
75,74,10.0000000009,0.0
75,76,9.9999999986,0.0
75,77,19.999999998699998,0.0
75,78,29.99999999803,0.0
75,79,39.999999999029995,0.0
75,80,49.999999997799996,0.0
75,81,59.9999999984,0.0
75,82,69.99999999825,0.0
75,83,79.99999999865,0.0
75,84,89.99999999905,0.0
75,85,99.99999999856,0.0
75,86,109.99999999895999,0.0
75,87,119.99999999885999,0.0
75,88,129.99999999825,0.0
75,89,139.99999999845,0.0
75,90,149.99999999835,0.0
75,91,159.99999999925,0.0
75,92,169.99999999965002,0.0
75,93,179.99999999701,0.0
75,94,189.99999999941002,0.0
75,95,199.99999999869001,0.0
75,96,209.99999999919,0.0
75,97,219.99999999919,0.0
75,98,229.99999999909002,0.0
75,99,239.99999999860003,0.0
75,100,249.99999999788002,0.0
76,50,260.00000000080996,0.0
76,51,249.99999999860995,0.0
76,52,240.00000000023994,0.0
76,53,230.00000000090995,0.0
76,54,220.00000000128995,0.0
76,55,210.00000000038995,0.0
76,56,200.00000000076994,0.0
76,57,189.99999999986994,0.0
76,58,180.00000000001995,0.0
76,59,170.00000000016996,0.0
76,60,160.00000000031997,0.0
76,61,150.00000000021998,0.0
76,62,140.00000000001998,0.0
76,63,129.99999999951999,0.0
76,64,120.00000000041,0.0
76,65,109.99999999981,0.0
76,66,100.00000000019,0.0
76,67,90.00000000034,0.0
76,68,80.00000000024,0.0
76,69,70.00000000003999,0.0
76,70,60.000000000819995,0.0
76,71,50.000000000019995,0.0
76,72,40.00000000006,0.0
76,73,30.0000000001,0.0
76,74,19.999999999499998,0.0
76,75,9.9999999986,0.0
76,77,10.0000000001,0.0
76,78,19.999999999430003,0.0
76,79,30.000000000430003,0.0
76,80,39.9999999992,0.0
76,81,49.999999999799996,0.0
76,82,59.99999999965,0.0
76,83,70.00000000005,0.0
76,84,80.00000000045,0.0
76,85,89.99999999996,0.0
76,86,100.00000000035999,0.0
76,87,110.00000000025999,0.0
76,88,119.99999999964999,0.0
76,89,129.99999999985,0.0
76,90,139.99999999975,0.0
76,91,150.00000000065,0.0
76,92,160.00000000105,0.0
76,93,169.99999999841,0.0
76,94,180.00000000081002,0.0
76,95,190.00000000009,0.0
76,96,200.00000000059,0.0
76,97,210.00000000059,0.0
76,98,220.00000000049002,0.0
76,99,230.00000000000003,0.0
76,100,239.99999999928002,0.0
77,50,270.00000000091,0.0
77,51,259.99999999871,0.0
77,52,250.00000000033998,0.0
77,53,240.00000000100997,0.0
77,54,230.00000000138996,0.0
77,55,220.00000000048996,0.0
77,56,210.00000000086996,0.0
77,57,199.99999999996996,0.0
77,58,190.00000000011997,0.0
77,59,180.00000000026998,0.0
77,60,170.00000000042,0.0
77,61,160.00000000032,0.0
77,62,150.00000000012,0.0
77,63,139.99999999962,0.0
77,64,130.00000000051,0.0
77,65,119.99999999991,0.0
77,66,110.00000000029,0.0
77,67,100.00000000044,0.0
77,68,90.00000000034,0.0
77,69,80.00000000013999,0.0
77,70,70.00000000092,0.0
77,71,60.00000000012,0.0
77,72,50.00000000016,0.0
77,73,40.000000000200004,0.0
77,74,29.9999999996,0.0
77,75,19.999999998699998,0.0
77,76,10.0000000001,0.0
77,78,9.99999999933,0.0
77,79,20.00000000033,0.0
77,80,29.9999999991,0.0
77,81,39.9999999997,0.0
77,82,49.99999999955,0.0
77,83,59.99999999995,0.0
77,84,70.00000000035,0.0
77,85,79.99999999986,0.0
77,86,90.00000000026,0.0
77,87,100.00000000016,0.0
77,88,109.99999999955,0.0
77,89,119.99999999975,0.0
77,90,129.99999999965002,0.0
77,91,140.00000000055002,0.0
77,92,150.00000000095002,0.0
77,93,159.99999999831002,0.0
77,94,170.00000000071003,0.0
77,95,179.99999999999002,0.0
77,96,190.00000000049002,0.0
77,97,200.00000000049002,0.0
77,98,210.00000000039003,0.0
77,99,219.99999999990004,0.0
77,100,229.99999999918003,0.0
78,50,280.00000000024,0.0
78,51,269.99999999804,0.0
78,52,259.99999999966997,0.0
78,53,250.00000000033998,0.0
78,54,240.00000000071998,0.0
78,55,229.99999999981998,0.0
78,56,220.00000000019998,0.0
78,57,209.99999999929997,0.0
78,58,199.99999999944998,0.0
78,59,189.9999999996,0.0
78,60,179.99999999975,0.0
78,61,169.99999999965002,0.0
78,62,159.99999999945,0.0
78,63,149.99999999895002,0.0
78,64,139.99999999984,0.0
78,65,129.99999999924,0.0
78,66,119.99999999962,0.0
78,67,109.99999999977,0.0
78,68,99.99999999967,0.0
78,69,89.99999999946999,0.0
78,70,80.00000000025,0.0
78,71,69.99999999945,0.0
78,72,59.99999999949,0.0
78,73,49.999999999530004,0.0
78,74,39.99999999893,0.0
78,75,29.999999998030003,0.0
78,76,19.999999999430003,0.0
78,77,9.99999999933,0.0
78,79,10.000000001,0.0
78,80,19.99999999977,0.0
78,81,30.00000000037,0.0
78,82,40.00000000022,0.0
78,83,50.00000000062,0.0
78,84,60.00000000102,0.0
78,85,70.00000000053,0.0
78,86,80.00000000092999,0.0
78,87,90.00000000082998,0.0
78,88,100.00000000021998,0.0
78,89,110.00000000041999,0.0
78,90,120.00000000031999,0.0
78,91,130.00000000121997,0.0
78,92,140.00000000161998,0.0
78,93,149.99999999897997,0.0
78,94,160.00000000138,0.0
78,95,170.00000000065998,0.0
78,96,180.00000000115998,0.0
78,97,190.00000000115998,0.0
78,98,200.00000000106,0.0
78,99,210.00000000057,0.0
78,100,219.99999999985,0.0
79,50,290.00000000124,0.0
79,51,279.99999999903997,0.0
79,52,270.00000000066996,0.0
79,53,260.00000000133997,0.0
79,54,250.00000000171997,0.0
79,55,240.00000000081997,0.0
79,56,230.00000000119996,0.0
79,57,220.00000000029996,0.0
79,58,210.00000000044997,0.0
79,59,200.00000000059998,0.0
79,60,190.00000000075,0.0
79,61,180.00000000065,0.0
79,62,170.00000000045,0.0
79,63,159.99999999995,0.0
79,64,150.00000000084,0.0
79,65,140.00000000024,0.0
79,66,130.00000000062,0.0
79,67,120.00000000076999,0.0
79,68,110.00000000066998,0.0
79,69,100.00000000046998,0.0
79,70,90.00000000124999,0.0
79,71,80.00000000044999,0.0
79,72,70.00000000048999,0.0
79,73,60.000000000529994,0.0
79,74,49.99999999993,0.0
79,75,39.999999999029995,0.0
79,76,30.00000000043,0.0
79,77,20.00000000033,0.0
79,78,10.000000001,0.0
79,80,9.99999999877,0.0
79,81,19.99999999937,0.0
79,82,29.99999999922,0.0
79,83,39.99999999962,0.0
79,84,50.00000000002,0.0
79,85,59.999999999530004,0.0
79,86,69.99999999993,0.0
79,87,79.99999999983,0.0
79,88,89.99999999922,0.0
79,89,99.99999999942,0.0
79,90,109.99999999932,0.0
79,91,120.00000000022,0.0
79,92,130.00000000062,0.0
79,93,139.99999999797998,0.0
79,94,150.00000000038,0.0
79,95,159.99999999966,0.0
79,96,170.00000000016,0.0
79,97,180.00000000016,0.0
79,98,190.00000000006,0.0
79,99,199.99999999957,0.0
79,100,209.99999999885,0.0
80,50,300.00000000000995,0.0
80,51,289.99999999780994,0.0
80,52,279.9999999994399,0.0
80,53,270.00000000010994,0.0
80,54,260.00000000048993,0.0
80,55,249.99999999958996,0.0
80,56,239.99999999996996,0.0
80,57,229.99999999906996,0.0
80,58,219.99999999921997,0.0
80,59,209.99999999936998,0.0
80,60,199.99999999951999,0.0
80,61,189.99999999942,0.0
80,62,179.99999999922,0.0
80,63,169.99999999872,0.0
80,64,159.99999999961,0.0
80,65,149.99999999901,0.0
80,66,139.99999999938998,0.0
80,67,129.99999999954,0.0
80,68,119.99999999943999,0.0
80,69,109.99999999923999,0.0
80,70,100.00000000002,0.0
80,71,89.99999999922,0.0
80,72,79.99999999926,0.0
80,73,69.9999999993,0.0
80,74,59.999999998700005,0.0
80,75,49.9999999978,0.0
80,76,39.9999999992,0.0
80,77,29.9999999991,0.0
80,78,19.99999999977,0.0
80,79,9.99999999877,0.0
80,81,10.0000000006,0.0
80,82,20.00000000045,0.0
80,83,30.00000000085,0.0
80,84,40.00000000125,0.0
80,85,50.000000000760004,0.0
80,86,60.000000001160004,0.0
80,87,70.00000000106,0.0
80,88,80.00000000045,0.0
80,89,90.00000000065,0.0
80,90,100.00000000055,0.0
80,91,110.00000000145,0.0
80,92,120.00000000185,0.0
80,93,129.99999999921,0.0
80,94,140.00000000160998,0.0
80,95,150.00000000088997,0.0
80,96,160.00000000138996,0.0
80,97,170.00000000138996,0.0
80,98,180.00000000128998,0.0
80,99,190.0000000008,0.0
80,100,200.00000000007998,0.0
81,50,310.00000000060993,0.0
81,51,299.9999999984099,0.0
81,52,290.0000000000399,0.0
81,53,280.0000000007099,0.0
81,54,270.0000000010899,0.0
81,55,260.0000000001899,0.0
81,56,250.00000000056994,0.0
81,57,239.99999999966994,0.0
81,58,229.99999999981995,0.0
81,59,219.99999999996996,0.0
81,60,210.00000000011997,0.0
81,61,200.00000000001998,0.0
81,62,189.99999999981998,0.0
81,63,179.99999999931998,0.0
81,64,170.00000000020998,0.0
81,65,159.99999999960997,0.0
81,66,149.99999999998997,0.0
81,67,140.00000000013998,0.0
81,68,130.00000000004,0.0
81,69,119.99999999983999,0.0
81,70,110.00000000061999,0.0
81,71,99.99999999981999,0.0
81,72,89.99999999986,0.0
81,73,79.9999999999,0.0
81,74,69.9999999993,0.0
81,75,59.9999999984,0.0
81,76,49.9999999998,0.0
81,77,39.9999999997,0.0
81,78,30.00000000037,0.0
81,79,19.99999999937,0.0
81,80,10.0000000006,0.0
81,82,9.99999999985,0.0
81,83,20.00000000025,0.0
81,84,30.00000000065,0.0
81,85,40.00000000016,0.0
81,86,50.00000000056,0.0
81,87,60.00000000046,0.0
81,88,69.99999999985,0.0
81,89,80.00000000005001,0.0
81,90,89.99999999995,0.0
81,91,100.00000000085001,0.0
81,92,110.00000000125002,0.0
81,93,119.99999999861001,0.0
81,94,130.00000000101,0.0
81,95,140.00000000029,0.0
81,96,150.00000000078998,0.0
81,97,160.00000000078998,0.0
81,98,170.00000000069,0.0
81,99,180.0000000002,0.0
81,100,189.99999999948,0.0
82,50,320.00000000046,0.0
82,51,309.99999999825997,0.0
82,52,299.99999999988995,0.0
82,53,290.00000000055996,0.0
82,54,280.00000000093996,0.0
82,55,270.00000000003996,0.0
82,56,260.00000000041996,0.0
82,57,249.99999999951996,0.0
82,58,239.99999999966997,0.0
82,59,229.99999999981998,0.0
82,60,219.99999999997,0.0
82,61,209.99999999987,0.0
82,62,199.99999999967,0.0
82,63,189.99999999917,0.0
82,64,180.00000000006,0.0
82,65,169.99999999946,0.0
82,66,159.99999999983999,0.0
82,67,149.99999999999,0.0
82,68,139.99999999989,0.0
82,69,129.99999999969,0.0
82,70,120.00000000047,0.0
82,71,109.99999999967,0.0
82,72,99.99999999971,0.0
82,73,89.99999999975,0.0
82,74,79.99999999915,0.0
82,75,69.99999999825,0.0
82,76,59.99999999965,0.0
82,77,49.99999999955,0.0
82,78,40.00000000022,0.0
82,79,29.99999999922,0.0
82,80,20.00000000045,0.0
82,81,9.99999999985,0.0
82,83,10.0000000004,0.0
82,84,20.0000000008,0.0
82,85,30.000000000310003,0.0
82,86,40.00000000071,0.0
82,87,50.00000000061,0.0
82,88,60.0,0.0
82,89,70.0000000002,0.0
82,90,80.0000000001,0.0
82,91,90.000000001,0.0
82,92,100.0000000014,0.0
82,93,109.99999999875999,0.0
82,94,120.00000000115999,0.0
82,95,130.00000000044,0.0
82,96,140.00000000094,0.0
82,97,150.00000000094,0.0
82,98,160.00000000084,0.0
82,99,170.00000000035,0.0
82,100,179.99999999963,0.0
83,50,330.00000000086,0.0
83,51,319.99999999866,0.0
83,52,310.00000000028996,0.0
83,53,300.00000000096,0.0
83,54,290.00000000133997,0.0
83,55,280.00000000043997,0.0
83,56,270.00000000081997,0.0
83,57,259.99999999991996,0.0
83,58,250.00000000006995,0.0
83,59,240.00000000021996,0.0
83,60,230.00000000036997,0.0
83,61,220.00000000026998,0.0
83,62,210.00000000006997,0.0
83,63,199.99999999956998,0.0
83,64,190.00000000045998,0.0
83,65,179.99999999985997,0.0
83,66,170.00000000023996,0.0
83,67,160.00000000038997,0.0
83,68,150.00000000029,0.0
83,69,140.00000000008998,0.0
83,70,130.00000000087,0.0
83,71,120.00000000007,0.0
83,72,110.00000000011,0.0
83,73,100.00000000015001,0.0
83,74,89.99999999955001,0.0
83,75,79.99999999865001,0.0
83,76,70.00000000005001,0.0
83,77,59.999999999950006,0.0
83,78,50.000000000620005,0.0
83,79,39.99999999962,0.0
83,80,30.00000000085,0.0
83,81,20.00000000025,0.0
83,82,10.0000000004,0.0
83,84,10.0000000004,0.0
83,85,19.999999999910003,0.0
83,86,30.000000000310003,0.0
83,87,40.00000000021,0.0
83,88,49.9999999996,0.0
83,89,59.999999999799996,0.0
83,90,69.9999999997,0.0
83,91,80.0000000006,0.0
83,92,90.00000000099999,0.0
83,93,99.99999999835998,0.0
83,94,110.00000000075998,0.0
83,95,120.00000000003999,0.0
83,96,130.00000000053998,0.0
83,97,140.00000000053998,0.0
83,98,150.00000000044,0.0
83,99,159.99999999995,0.0
83,100,169.99999999923,0.0
84,50,340.00000000126,0.0
84,51,329.99999999906,0.0
84,52,320.00000000068997,0.0
84,53,310.00000000136,0.0
84,54,300.00000000174,0.0
84,55,290.00000000084,0.0
84,56,280.00000000122,0.0
84,57,270.00000000032,0.0
84,58,260.00000000047,0.0
84,59,250.00000000061996,0.0
84,60,240.00000000076997,0.0
84,61,230.00000000066998,0.0
84,62,220.00000000046998,0.0
84,63,209.99999999997,0.0
84,64,200.00000000085998,0.0
84,65,190.00000000025997,0.0
84,66,180.00000000063997,0.0
84,67,170.00000000078998,0.0
84,68,160.00000000069,0.0
84,69,150.00000000049,0.0
84,70,140.00000000127,0.0
84,71,130.00000000047,0.0
84,72,120.00000000051,0.0
84,73,110.00000000055,0.0
84,74,99.99999999995,0.0
84,75,89.99999999905,0.0
84,76,80.00000000045,0.0
84,77,70.00000000035,0.0
84,78,60.00000000102,0.0
84,79,50.00000000002,0.0
84,80,40.00000000125,0.0
84,81,30.00000000065,0.0
84,82,20.0000000008,0.0
84,83,10.0000000004,0.0
84,85,9.99999999951,0.0
84,86,19.999999999910003,0.0
84,87,29.99999999981,0.0
84,88,39.9999999992,0.0
84,89,49.9999999994,0.0
84,90,59.9999999993,0.0
84,91,70.0000000002,0.0
84,92,80.00000000060001,0.0
84,93,89.99999999796,0.0
84,94,100.00000000036,0.0
84,95,109.99999999964001,0.0
84,96,120.00000000014,0.0
84,97,130.00000000014,0.0
84,98,140.00000000004002,0.0
84,99,149.99999999955003,0.0
84,100,159.99999999883002,0.0
85,50,350.00000000077,0.0
85,51,339.99999999857,0.0
85,52,330.0000000002,0.0
85,53,320.00000000087,0.0
85,54,310.00000000125,0.0
85,55,300.00000000035,0.0
85,56,290.00000000073,0.0
85,57,279.99999999983,0.0
85,58,269.99999999998,0.0
85,59,260.00000000013,0.0
85,60,250.00000000027998,0.0
85,61,240.00000000018,0.0
85,62,229.99999999998,0.0
85,63,219.99999999948,0.0
85,64,210.00000000037,0.0
85,65,199.99999999976998,0.0
85,66,190.00000000014998,0.0
85,67,180.0000000003,0.0
85,68,170.0000000002,0.0
85,69,160.0,0.0
85,70,150.00000000078,0.0
85,71,139.99999999998002,0.0
85,72,130.00000000002,0.0
85,73,120.00000000006,0.0
85,74,109.99999999946,0.0
85,75,99.99999999856,0.0
85,76,89.99999999996,0.0
85,77,79.99999999986,0.0
85,78,70.00000000053,0.0
85,79,59.99999999953,0.0
85,80,50.00000000076,0.0
85,81,40.00000000016,0.0
85,82,30.000000000310003,0.0
85,83,19.999999999910003,0.0
85,84,9.99999999951,0.0
85,86,10.0000000004,0.0
85,87,20.0000000003,0.0
85,88,29.999999999689997,0.0
85,89,39.999999999889994,0.0
85,90,49.99999999978999,0.0
85,91,60.000000000689994,0.0
85,92,70.00000000109,0.0
85,93,79.99999999845,0.0
85,94,90.00000000085,0.0
85,95,100.00000000013,0.0
85,96,110.00000000063,0.0
85,97,120.00000000063,0.0
85,98,130.00000000053,0.0
85,99,140.00000000004002,0.0
85,100,149.99999999932,0.0
86,50,360.00000000117,0.0
86,51,349.99999999897,0.0
86,52,340.0000000006,0.0
86,53,330.00000000127,0.0
86,54,320.00000000165,0.0
86,55,310.00000000075,0.0
86,56,300.00000000113,0.0
86,57,290.00000000023,0.0
86,58,280.00000000038,0.0
86,59,270.00000000053,0.0
86,60,260.00000000068,0.0
86,61,250.00000000058,0.0
86,62,240.00000000038,0.0
86,63,229.99999999988,0.0
86,64,220.00000000077,0.0
86,65,210.00000000017,0.0
86,66,200.00000000055,0.0
86,67,190.0000000007,0.0
86,68,180.0000000006,0.0
86,69,170.0000000004,0.0
86,70,160.00000000118,0.0
86,71,150.00000000038003,0.0
86,72,140.00000000042002,0.0
86,73,130.00000000046,0.0
86,74,119.99999999986001,0.0
86,75,109.99999999896,0.0
86,76,100.00000000036,0.0
86,77,90.00000000026,0.0
86,78,80.00000000093,0.0
86,79,69.99999999993,0.0
86,80,60.000000001160004,0.0
86,81,50.00000000056001,0.0
86,82,40.00000000071,0.0
86,83,30.000000000310003,0.0
86,84,19.999999999910003,0.0
86,85,10.0000000004,0.0
86,87,9.9999999999,0.0
86,88,19.99999999929,0.0
86,89,29.99999999949,0.0
86,90,39.99999999939,0.0
86,91,50.00000000029,0.0
86,92,60.00000000069,0.0
86,93,69.99999999805,0.0
86,94,80.00000000045,0.0
86,95,89.99999999973,0.0
86,96,100.00000000022999,0.0
86,97,110.00000000022999,0.0
86,98,120.00000000012999,0.0
86,99,129.99999999963998,0.0
86,100,139.99999999891998,0.0
87,50,370.00000000106996,0.0
87,51,359.99999999886995,0.0
87,52,350.00000000049994,0.0
87,53,340.00000000116995,0.0
87,54,330.00000000154995,0.0
87,55,320.00000000064995,0.0
87,56,310.00000000102995,0.0
87,57,300.00000000012994,0.0
87,58,290.00000000027995,0.0
87,59,280.00000000042996,0.0
87,60,270.00000000058,0.0
87,61,260.00000000048,0.0
87,62,250.00000000028,0.0
87,63,239.99999999978002,0.0
87,64,230.00000000067,0.0
87,65,220.00000000007,0.0
87,66,210.00000000045,0.0
87,67,200.0000000006,0.0
87,68,190.00000000050002,0.0
87,69,180.00000000030002,0.0
87,70,170.00000000108002,0.0
87,71,160.00000000028004,0.0
87,72,150.00000000032003,0.0
87,73,140.00000000036002,0.0
87,74,129.99999999976,0.0
87,75,119.99999999886002,0.0
87,76,110.00000000026002,0.0
87,77,100.00000000016001,0.0
87,78,90.00000000083001,0.0
87,79,79.99999999983001,0.0
87,80,70.00000000106,0.0
87,81,60.000000000460005,0.0
87,82,50.00000000061,0.0
87,83,40.00000000021,0.0
87,84,29.99999999981,0.0
87,85,20.0000000003,0.0
87,86,9.9999999999,0.0
87,88,9.99999999939,0.0
87,89,19.999999999590003,0.0
87,90,29.99999999949,0.0
87,91,40.00000000039,0.0
87,92,50.00000000079,0.0
87,93,59.99999999815,0.0
87,94,70.00000000055,0.0
87,95,79.99999999983001,0.0
87,96,90.00000000033,0.0
87,97,100.00000000033,0.0
87,98,110.00000000023,0.0
87,99,119.99999999974,0.0
87,100,129.99999999902,0.0
88,50,380.00000000046,0.0
88,51,369.99999999825997,0.0
88,52,359.99999999988995,0.0
88,53,350.00000000055996,0.0
88,54,340.00000000093996,0.0
88,55,330.00000000003996,0.0
88,56,320.00000000041996,0.0
88,57,309.99999999951996,0.0
88,58,299.99999999966997,0.0
88,59,289.99999999982,0.0
88,60,279.99999999997,0.0
88,61,269.99999999987,0.0
88,62,259.99999999967,0.0
88,63,249.99999999917003,0.0
88,64,240.00000000006003,0.0
88,65,229.99999999946002,0.0
88,66,219.99999999984,0.0
88,67,209.99999999999002,0.0
88,68,199.99999999989004,0.0
88,69,189.99999999969003,0.0
88,70,180.00000000047004,0.0
88,71,169.99999999967002,0.0
88,72,159.99999999971,0.0
88,73,149.99999999975,0.0
88,74,139.99999999915,0.0
88,75,129.99999999825,0.0
88,76,119.99999999965,0.0
88,77,109.99999999955,0.0
88,78,100.00000000022,0.0
88,79,89.99999999922,0.0
88,80,80.00000000045,0.0
88,81,69.99999999985,0.0
88,82,60.0,0.0
88,83,49.9999999996,0.0
88,84,39.9999999992,0.0
88,85,29.99999999969,0.0
88,86,19.99999999929,0.0
88,87,9.99999999939,0.0
88,89,10.0000000002,0.0
88,90,20.000000000100002,0.0
88,91,30.000000001000004,0.0
88,92,40.000000001400004,0.0
88,93,49.99999999876,0.0
88,94,60.000000001160004,0.0
88,95,70.00000000044,0.0
88,96,80.00000000093999,0.0
88,97,90.00000000093999,0.0
88,98,100.00000000083999,0.0
88,99,110.00000000034998,0.0
88,100,119.99999999962998,0.0
89,50,390.00000000065995,0.0
89,51,379.99999999845994,0.0
89,52,370.0000000000899,0.0
89,53,360.00000000075994,0.0
89,54,350.00000000113994,0.0
89,55,340.00000000023994,0.0
89,56,330.00000000061993,0.0
89,57,319.99999999971993,0.0
89,58,309.99999999986994,0.0
89,59,300.00000000001995,0.0
89,60,290.00000000016996,0.0
89,61,280.00000000007,0.0
89,62,269.99999999987,0.0
89,63,259.99999999937,0.0
89,64,250.00000000026,0.0
89,65,239.99999999966,0.0
89,66,230.00000000004,0.0
89,67,220.00000000019,0.0
89,68,210.00000000009,0.0
89,69,199.99999999989,0.0
89,70,190.00000000067,0.0
89,71,179.99999999987003,0.0
89,72,169.99999999991002,0.0
89,73,159.99999999995,0.0
89,74,149.99999999935,0.0
89,75,139.99999999845,0.0
89,76,129.99999999985,0.0
89,77,119.99999999975,0.0
89,78,110.00000000042,0.0
89,79,99.99999999942,0.0
89,80,90.00000000065,0.0
89,81,80.00000000005001,0.0
89,82,70.0000000002,0.0
89,83,59.9999999998,0.0
89,84,49.9999999994,0.0
89,85,39.99999999989,0.0
89,86,29.99999999949,0.0
89,87,19.999999999590003,0.0
89,88,10.0000000002,0.0
89,90,9.9999999999,0.0
89,91,20.0000000008,0.0
89,92,30.0000000012,0.0
89,93,39.99999999856,0.0
89,94,50.00000000096,0.0
89,95,60.00000000024,0.0
89,96,70.00000000074,0.0
89,97,80.00000000074,0.0
89,98,90.00000000064,0.0
89,99,100.00000000015,0.0
89,100,109.99999999943,0.0
90,50,400.00000000055996,0.0
90,51,389.99999999835995,0.0
90,52,379.99999999998994,0.0
90,53,370.00000000065995,0.0
90,54,360.00000000103995,0.0
90,55,350.00000000013995,0.0
90,56,340.00000000051995,0.0
90,57,329.99999999961994,0.0
90,58,319.99999999976995,0.0
90,59,309.99999999991996,0.0
90,60,300.00000000007,0.0
90,61,289.99999999997,0.0
90,62,279.99999999977,0.0
90,63,269.99999999927,0.0
90,64,260.00000000016,0.0
90,65,249.99999999956,0.0
90,66,239.99999999994,0.0
90,67,230.00000000009,0.0
90,68,219.99999999999002,0.0
90,69,209.99999999979002,0.0
90,70,200.00000000057003,0.0
90,71,189.99999999977004,0.0
90,72,179.99999999981003,0.0
90,73,169.99999999985002,0.0
90,74,159.99999999925,0.0
90,75,149.99999999835,0.0
90,76,139.99999999975,0.0
90,77,129.99999999965002,0.0
90,78,120.00000000032001,0.0
90,79,109.99999999932001,0.0
90,80,100.00000000055002,0.0
90,81,89.99999999995002,0.0
90,82,80.00000000010002,0.0
90,83,69.99999999970001,0.0
90,84,59.9999999993,0.0
90,85,49.99999999979,0.0
90,86,39.99999999939,0.0
90,87,29.99999999949,0.0
90,88,20.000000000100002,0.0
90,89,9.9999999999,0.0
90,91,10.0000000009,0.0
90,92,20.000000001300002,0.0
90,93,29.99999999866,0.0
90,94,40.00000000106,0.0
90,95,50.00000000034,0.0
90,96,60.000000000840004,0.0
90,97,70.00000000084,0.0
90,98,80.00000000074,0.0
90,99,90.00000000025,0.0
90,100,99.99999999952999,0.0
91,50,410.0000000014599,0.0
91,51,399.9999999992599,0.0
91,52,390.0000000008899,0.0
91,53,380.0000000015599,0.0
91,54,370.0000000019399,0.0
91,55,360.0000000010399,0.0
91,56,350.0000000014199,0.0
91,57,340.0000000005199,0.0
91,58,330.0000000006699,0.0
91,59,320.0000000008199,0.0
91,60,310.0000000009699,0.0
91,61,300.00000000086993,0.0
91,62,290.00000000066996,0.0
91,63,280.00000000016996,0.0
91,64,270.00000000105996,0.0
91,65,260.00000000046,0.0
91,66,250.00000000084,0.0
91,67,240.00000000099,0.0
91,68,230.00000000089003,0.0
91,69,220.00000000069002,0.0
91,70,210.00000000147003,0.0
91,71,200.00000000067004,0.0
91,72,190.00000000071003,0.0
91,73,180.00000000075002,0.0
91,74,170.00000000015,0.0
91,75,159.99999999925,0.0
91,76,150.00000000065,0.0
91,77,140.00000000055002,0.0
91,78,130.00000000122,0.0
91,79,120.00000000022001,0.0
91,80,110.00000000145002,0.0
91,81,100.00000000085002,0.0
91,82,90.00000000100002,0.0
91,83,80.00000000060001,0.0
91,84,70.0000000002,0.0
91,85,60.00000000069,0.0
91,86,50.00000000029,0.0
91,87,40.00000000039,0.0
91,88,30.000000001,0.0
91,89,20.0000000008,0.0
91,90,10.0000000009,0.0
91,92,10.0000000004,0.0
91,93,19.99999999776,0.0
91,94,30.00000000016,0.0
91,95,39.99999999944,0.0
91,96,49.99999999994,0.0
91,97,59.99999999994,0.0
91,98,69.99999999984,0.0
91,99,79.99999999935,0.0
91,100,89.99999999862999,0.0
92,50,420.0000000018599,0.0
92,51,409.9999999996599,0.0
92,52,400.0000000012899,0.0
92,53,390.0000000019599,0.0
92,54,380.0000000023399,0.0
92,55,370.0000000014399,0.0
92,56,360.0000000018199,0.0
92,57,350.0000000009199,0.0
92,58,340.0000000010699,0.0
92,59,330.0000000012199,0.0
92,60,320.0000000013699,0.0
92,61,310.00000000126994,0.0
92,62,300.00000000106996,0.0
92,63,290.00000000056997,0.0
92,64,280.00000000145997,0.0
92,65,270.00000000086,0.0
92,66,260.00000000124,0.0
92,67,250.00000000138996,0.0
92,68,240.00000000128998,0.0
92,69,230.00000000108997,0.0
92,70,220.00000000186998,0.0
92,71,210.00000000107,0.0
92,72,200.00000000110998,0.0
92,73,190.00000000114997,0.0
92,74,180.00000000054996,0.0
92,75,169.99999999964996,0.0
92,76,160.00000000104995,0.0
92,77,150.00000000094997,0.0
92,78,140.00000000161998,0.0
92,79,130.00000000062,0.0
92,80,120.00000000185,0.0
92,81,110.00000000125,0.0
92,82,100.0000000014,0.0
92,83,90.00000000099999,0.0
92,84,80.0000000006,0.0
92,85,70.00000000109,0.0
92,86,60.000000000689994,0.0
92,87,50.000000000789996,0.0
92,88,40.0000000014,0.0
92,89,30.0000000012,0.0
92,90,20.000000001300002,0.0
92,91,10.0000000004,0.0
92,93,9.99999999736,0.0
92,94,19.99999999976,0.0
92,95,29.99999999904,0.0
92,96,39.99999999954,0.0
92,97,49.99999999954,0.0
92,98,59.99999999944,0.0
92,99,69.99999999895,0.0
92,100,79.99999999823001,0.0
93,50,429.99999999921994,0.0
93,51,419.9999999970199,0.0
93,52,409.9999999986499,0.0
93,53,399.9999999993199,0.0
93,54,389.9999999996999,0.0
93,55,379.9999999987999,0.0
93,56,369.9999999991799,0.0
93,57,359.9999999982799,0.0
93,58,349.9999999984299,0.0
93,59,339.99999999857994,0.0
93,60,329.99999999872995,0.0
93,61,319.99999999862996,0.0
93,62,309.99999999843,0.0
93,63,299.99999999793,0.0
93,64,289.99999999882,0.0
93,65,279.99999999822,0.0
93,66,269.9999999986,0.0
93,67,259.99999999875,0.0
93,68,249.99999999865,0.0
93,69,239.99999999845,0.0
93,70,229.99999999923,0.0
93,71,219.99999999843,0.0
93,72,209.99999999847,0.0
93,73,199.99999999851,0.0
93,74,189.99999999790998,0.0
93,75,179.99999999700998,0.0
93,76,169.99999999840998,0.0
93,77,159.99999999831,0.0
93,78,149.99999999897997,0.0
93,79,139.99999999797998,0.0
93,80,129.99999999921,0.0
93,81,119.99999999861,0.0
93,82,109.99999999875999,0.0
93,83,99.99999999835998,0.0
93,84,89.99999999795999,0.0
93,85,79.99999999845,0.0
93,86,69.99999999805,0.0
93,87,59.99999999815,0.0
93,88,49.99999999876,0.0
93,89,39.99999999856,0.0
93,90,29.99999999866,0.0
93,91,19.99999999776,0.0
93,92,9.99999999736,0.0
93,94,10.0000000024,0.0
93,95,20.00000000168,0.0
93,96,30.000000002180002,0.0
93,97,40.00000000218,0.0
93,98,50.00000000208,0.0
93,99,60.00000000159,0.0
93,100,70.00000000087,0.0
94,50,440.00000000161987,0.0
94,51,429.99999999941986,0.0
94,52,420.00000000104984,0.0
94,53,410.00000000171985,0.0
94,54,400.00000000209985,0.0
94,55,390.00000000119985,0.0
94,56,380.00000000157985,0.0
94,57,370.00000000067985,0.0
94,58,360.00000000082986,0.0
94,59,350.00000000097987,0.0
94,60,340.0000000011299,0.0
94,61,330.0000000010299,0.0
94,62,320.0000000008299,0.0
94,63,310.0000000003299,0.0
94,64,300.0000000012199,0.0
94,65,290.00000000061993,0.0
94,66,280.00000000099993,0.0
94,67,270.00000000114994,0.0
94,68,260.00000000104995,0.0
94,69,250.00000000084998,0.0
94,70,240.00000000162999,0.0
94,71,230.00000000083,0.0
94,72,220.00000000087,0.0
94,73,210.00000000090998,0.0
94,74,200.00000000030997,0.0
94,75,189.99999999940997,0.0
94,76,180.00000000080996,0.0
94,77,170.00000000070997,0.0
94,78,160.00000000138,0.0
94,79,150.00000000038,0.0
94,80,140.00000000161,0.0
94,81,130.00000000101,0.0
94,82,120.00000000116,0.0
94,83,110.00000000076,0.0
94,84,100.00000000036,0.0
94,85,90.00000000085001,0.0
94,86,80.00000000045,0.0
94,87,70.00000000055,0.0
94,88,60.000000001160004,0.0
94,89,50.00000000096,0.0
94,90,40.00000000106,0.0
94,91,30.00000000016,0.0
94,92,19.99999999976,0.0
94,93,10.0000000024,0.0
94,95,9.99999999928,0.0
94,96,19.99999999978,0.0
94,97,29.99999999978,0.0
94,98,39.99999999968,0.0
94,99,49.99999999919,0.0
94,100,59.99999999847,0.0
95,50,450.0000000008999,0.0
95,51,439.9999999986999,0.0
95,52,430.00000000032986,0.0
95,53,420.0000000009999,0.0
95,54,410.0000000013799,0.0
95,55,400.0000000004799,0.0
95,56,390.00000000085987,0.0
95,57,379.99999999995987,0.0
95,58,370.0000000001099,0.0
95,59,360.0000000002599,0.0
95,60,350.0000000004099,0.0
95,61,340.0000000003099,0.0
95,62,330.00000000010994,0.0
95,63,319.99999999960994,0.0
95,64,310.00000000049994,0.0
95,65,299.99999999989996,0.0
95,66,290.00000000027995,0.0
95,67,280.00000000042996,0.0
95,68,270.00000000033,0.0
95,69,260.00000000013,0.0
95,70,250.00000000091,0.0
95,71,240.00000000011002,0.0
95,72,230.00000000015,0.0
95,73,220.00000000019,0.0
95,74,209.99999999959,0.0
95,75,199.99999999869,0.0
95,76,190.00000000008998,0.0
95,77,179.99999999999,0.0
95,78,170.00000000065998,0.0
95,79,159.99999999966,0.0
95,80,150.00000000089,0.0
95,81,140.00000000029,0.0
95,82,130.00000000044,0.0
95,83,120.00000000003999,0.0
95,84,109.99999999964,0.0
95,85,100.00000000013,0.0
95,86,89.99999999973,0.0
95,87,79.99999999983,0.0
95,88,70.00000000044,0.0
95,89,60.00000000024,0.0
95,90,50.00000000034,0.0
95,91,39.99999999944,0.0
95,92,29.99999999904,0.0
95,93,20.00000000168,0.0
95,94,9.99999999928,0.0
95,96,10.0000000005,0.0
95,97,20.000000000500002,0.0
95,98,30.0000000004,0.0
95,99,39.99999999991,0.0
95,100,49.99999999919,0.0
96,50,460.0000000013999,0.0
96,51,449.9999999991999,0.0
96,52,440.00000000082986,0.0
96,53,430.00000000149987,0.0
96,54,420.00000000187987,0.0
96,55,410.00000000097987,0.0
96,56,400.00000000135987,0.0
96,57,390.00000000045986,0.0
96,58,380.0000000006099,0.0
96,59,370.0000000007599,0.0
96,60,360.0000000009099,0.0
96,61,350.0000000008099,0.0
96,62,340.00000000060993,0.0
96,63,330.00000000010994,0.0
96,64,320.00000000099993,0.0
96,65,310.00000000039995,0.0
96,66,300.00000000077995,0.0
96,67,290.00000000092996,0.0
96,68,280.00000000082997,0.0
96,69,270.00000000063,0.0
96,70,260.00000000141,0.0
96,71,250.00000000061002,0.0
96,72,240.00000000065,0.0
96,73,230.00000000069,0.0
96,74,220.00000000008998,0.0
96,75,209.99999999918998,0.0
96,76,200.00000000058998,0.0
96,77,190.00000000049,0.0
96,78,180.00000000115998,0.0
96,79,170.00000000016,0.0
96,80,160.00000000139,0.0
96,81,150.00000000078998,0.0
96,82,140.00000000094,0.0
96,83,130.00000000053998,0.0
96,84,120.00000000013999,0.0
96,85,110.00000000063,0.0
96,86,100.00000000023,0.0
96,87,90.00000000033,0.0
96,88,80.00000000094,0.0
96,89,70.00000000074,0.0
96,90,60.000000000840004,0.0
96,91,49.99999999994,0.0
96,92,39.99999999954,0.0
96,93,30.000000002180002,0.0
96,94,19.99999999978,0.0
96,95,10.0000000005,0.0
96,97,10.0,0.0
96,98,19.999999999899998,0.0
96,99,29.99999999941,0.0
96,100,39.99999999869,0.0
97,50,470.0000000013999,0.0
97,51,459.9999999991999,0.0
97,52,450.00000000082986,0.0
97,53,440.00000000149987,0.0
97,54,430.00000000187987,0.0
97,55,420.00000000097987,0.0
97,56,410.00000000135987,0.0
97,57,400.00000000045986,0.0
97,58,390.0000000006099,0.0
97,59,380.0000000007599,0.0
97,60,370.0000000009099,0.0
97,61,360.0000000008099,0.0
97,62,350.00000000060993,0.0
97,63,340.00000000010994,0.0
97,64,330.00000000099993,0.0
97,65,320.00000000039995,0.0
97,66,310.00000000077995,0.0
97,67,300.00000000092996,0.0
97,68,290.00000000082997,0.0
97,69,280.00000000063,0.0
97,70,270.00000000141,0.0
97,71,260.00000000061,0.0
97,72,250.00000000065,0.0
97,73,240.00000000069,0.0
97,74,230.00000000008998,0.0
97,75,219.99999999918998,0.0
97,76,210.00000000058998,0.0
97,77,200.00000000049,0.0
97,78,190.00000000116,0.0
97,79,180.00000000016001,0.0
97,80,170.00000000139002,0.0
97,81,160.00000000079,0.0
97,82,150.00000000094002,0.0
97,83,140.00000000054,0.0
97,84,130.00000000014,0.0
97,85,120.00000000063,0.0
97,86,110.00000000023,0.0
97,87,100.00000000033,0.0
97,88,90.00000000094,0.0
97,89,80.00000000074,0.0
97,90,70.00000000084,0.0
97,91,59.99999999994,0.0
97,92,49.99999999954,0.0
97,93,40.00000000218,0.0
97,94,29.99999999978,0.0
97,95,20.000000000500002,0.0
97,96,10.0,0.0
97,98,9.9999999999,0.0
97,99,19.99999999941,0.0
97,100,29.99999999869,0.0
98,50,480.0000000012999,0.0
98,51,469.9999999990999,0.0
98,52,460.00000000072987,0.0
98,53,450.0000000013999,0.0
98,54,440.0000000017799,0.0
98,55,430.0000000008799,0.0
98,56,420.0000000012599,0.0
98,57,410.0000000003599,0.0
98,58,400.0000000005099,0.0
98,59,390.0000000006599,0.0
98,60,380.0000000008099,0.0
98,61,370.0000000007099,0.0
98,62,360.00000000050994,0.0
98,63,350.00000000000995,0.0
98,64,340.00000000089995,0.0
98,65,330.00000000029996,0.0
98,66,320.00000000067996,0.0
98,67,310.00000000082997,0.0
98,68,300.00000000073,0.0
98,69,290.00000000053,0.0
98,70,280.00000000131,0.0
98,71,270.00000000051,0.0
98,72,260.00000000055,0.0
98,73,250.00000000059,0.0
98,74,239.99999999999,0.0
98,75,229.99999999909,0.0
98,76,220.00000000049,0.0
98,77,210.00000000039,0.0
98,78,200.00000000106002,0.0
98,79,190.00000000006003,0.0
98,80,180.00000000129003,0.0
98,81,170.00000000069002,0.0
98,82,160.00000000084003,0.0
98,83,150.00000000044002,0.0
98,84,140.00000000004002,0.0
98,85,130.00000000053,0.0
98,86,120.00000000013,0.0
98,87,110.00000000023,0.0
98,88,100.00000000084,0.0
98,89,90.00000000064,0.0
98,90,80.00000000074,0.0
98,91,69.99999999984,0.0
98,92,59.99999999944,0.0
98,93,50.00000000208,0.0
98,94,39.99999999968,0.0
98,95,30.0000000004,0.0
98,96,19.999999999899998,0.0
98,97,9.9999999999,0.0
98,99,9.99999999951,0.0
98,100,19.999999998790003,0.0
99,50,490.00000000080985,0.0
99,51,479.99999999860984,0.0
99,52,470.0000000002398,0.0
99,53,460.00000000090984,0.0
99,54,450.00000000128983,0.0
99,55,440.00000000038983,0.0
99,56,430.00000000076983,0.0
99,57,419.99999999986983,0.0
99,58,410.00000000001984,0.0
99,59,400.00000000016985,0.0
99,60,390.00000000031986,0.0
99,61,380.00000000021987,0.0
99,62,370.0000000000199,0.0
99,63,359.9999999995199,0.0
99,64,350.0000000004099,0.0
99,65,339.9999999998099,0.0
99,66,330.0000000001899,0.0
99,67,320.0000000003399,0.0
99,68,310.00000000023994,0.0
99,69,300.00000000003996,0.0
99,70,290.00000000081997,0.0
99,71,280.00000000001995,0.0
99,72,270.00000000005997,0.0
99,73,260.0000000001,0.0
99,74,249.9999999995,0.0
99,75,239.9999999986,0.0
99,76,230.0,0.0
99,77,219.9999999999,0.0
99,78,210.00000000057003,0.0
99,79,199.99999999957004,0.0
99,80,190.00000000080004,0.0
99,81,180.00000000020003,0.0
99,82,170.00000000035004,0.0
99,83,159.99999999995003,0.0
99,84,149.99999999955003,0.0
99,85,140.00000000004002,0.0
99,86,129.99999999964,0.0
99,87,119.99999999974,0.0
99,88,110.00000000035,0.0
99,89,100.00000000015,0.0
99,90,90.00000000025,0.0
99,91,79.99999999935,0.0
99,92,69.99999999895,0.0
99,93,60.00000000159,0.0
99,94,49.99999999919,0.0
99,95,39.99999999991,0.0
99,96,29.99999999941,0.0
99,97,19.99999999941,0.0
99,98,9.99999999951,0.0
99,100,9.99999999928,0.0
